톤급,구간,연도,대당_편도운임_원,자료구분,출처
1톤 이하,수도권-부산권,2022 2분기,220952,조사 평균운임,"한국교통연구원·화물복지재단, 2025 화물자동차 운송·주선업체 조사보고서, 표 V-6~V-11"
1톤 이하,수도권-부산권,2023 2분기,207778,조사 평균운임,"한국교통연구원·화물복지재단, 2025 화물자동차 운송·주선업체 조사보고서, 표 V-6~V-11"
1톤 이하,수도권-부산권,2024 2분기,176533,조사 평균운임,"한국교통연구원·화물복지재단, 2025 화물자동차 운송·주선업체 조사보고서, 표 V-6~V-11"
1톤 이하,수도권-부산권,2025 2분기,190000,조사 평균운임,"한국교통연구원·화물복지재단, 2025 화물자동차 운송·주선업체 조사보고서, 표 V-6~V-11"
1톤 이하,수도권-광주권,2022 2분기,174375,조사 평균운임,"한국교통연구원·화물복지재단, 2025 화물자동차 운송·주선업체 조사보고서, 표 V-6~V-11"
1톤 이하,수도권-광주권,2023 2분기,N/A,조사 평균운임,"한국교통연구원·화물복지재단, 2025 화물자동차 운송·주선업체 조사보고서, 표 V-6~V-11"
1톤 이하,수도권-광주권,2024 2분기,-,조사 평균운임,"한국교통연구원·화물복지재단, 2025 화물자동차 운송·주선업체 조사보고서, 표 V-6~V-11"
1톤 이하,수도권-광주권,2025 2분기,-,조사 평균운임,"한국교통연구원·화물복지재단, 2025 화물자동차 운송·주선업체 조사보고서, 표 V-6~V-11"
1톤 이하,수도권-대구권,2022 2분기,159000,조사 평균운임,"한국교통연구원·화물복지재단, 2025 화물자동차 운송·주선업체 조사보고서, 표 V-6~V-11"
1톤 이하,수도권-대구권,2023 2분기,153333,조사 평균운임,"한국교통연구원·화물복지재단, 2025 화물자동차 운송·주선업체 조사보고서, 표 V-6~V-11"
1톤 이하,수도권-대구권,2024 2분기,N/A,조사 평균운임,"한국교통연구원·화물복지재단, 2025 화물자동차 운송·주선업체 조사보고서, 표 V-6~V-11"
1톤 이하,수도권-대구권,2025 2분기,153333,조사 평균운임,"한국교통연구원·화물복지재단, 2025 화물자동차 운송·주선업체 조사보고서, 표 V-6~V-11"
1톤 이하,수도권-대전권,2022 2분기,102857,조사 평균운임,"한국교통연구원·화물복지재단, 2025 화물자동차 운송·주선업체 조사보고서, 표 V-6~V-11"
1톤 이하,수도권-대전권,2023 2분기,94024,조사 평균운임,"한국교통연구원·화물복지재단, 2025 화물자동차 운송·주선업체 조사보고서, 표 V-6~V-11"
1톤 이하,수도권-대전권,2024 2분기,108947,조사 평균운임,"한국교통연구원·화물복지재단, 2025 화물자동차 운송·주선업체 조사보고서, 표 V-6~V-11"
1톤 이하,수도권-대전권,2025 2분기,93652,조사 평균운임,"한국교통연구원·화물복지재단, 2025 화물자동차 운송·주선업체 조사보고서, 표 V-6~V-11"
1톤 이하,수도권내,2022 2분기,64830,조사 평균운임,"한국교통연구원·화물복지재단, 2025 화물자동차 운송·주선업체 조사보고서, 표 V-6~V-11"
1톤 이하,수도권내,2023 2분기,66137,조사 평균운임,"한국교통연구원·화물복지재단, 2025 화물자동차 운송·주선업체 조사보고서, 표 V-6~V-11"
1톤 이하,수도권내,2024 2분기,62081,조사 평균운임,"한국교통연구원·화물복지재단, 2025 화물자동차 운송·주선업체 조사보고서, 표 V-6~V-11"
1톤 이하,수도권내,2025 2분기,61418,조사 평균운임,"한국교통연구원·화물복지재단, 2025 화물자동차 운송·주선업체 조사보고서, 표 V-6~V-11"
1톤 이하,부산권내,2022 2분기,74457,조사 평균운임,"한국교통연구원·화물복지재단, 2025 화물자동차 운송·주선업체 조사보고서, 표 V-6~V-11"
1톤 이하,부산권내,2023 2분기,73043,조사 평균운임,"한국교통연구원·화물복지재단, 2025 화물자동차 운송·주선업체 조사보고서, 표 V-6~V-11"
1톤 이하,부산권내,2024 2분기,68342,조사 평균운임,"한국교통연구원·화물복지재단, 2025 화물자동차 운송·주선업체 조사보고서, 표 V-6~V-11"
1톤 이하,부산권내,2025 2분기,72778,조사 평균운임,"한국교통연구원·화물복지재단, 2025 화물자동차 운송·주선업체 조사보고서, 표 V-6~V-11"
1톤 초과~3톤 미만,수도권-부산권,2022 2분기,293333,조사 평균운임,"한국교통연구원·화물복지재단, 2025 화물자동차 운송·주선업체 조사보고서, 표 V-6~V-11"
1톤 초과~3톤 미만,수도권-부산권,2023 2분기,273158,조사 평균운임,"한국교통연구원·화물복지재단, 2025 화물자동차 운송·주선업체 조사보고서, 표 V-6~V-11"
1톤 초과~3톤 미만,수도권-부산권,2024 2분기,232519,조사 평균운임,"한국교통연구원·화물복지재단, 2025 화물자동차 운송·주선업체 조사보고서, 표 V-6~V-11"
1톤 초과~3톤 미만,수도권-부산권,2025 2분기,311667,조사 평균운임,"한국교통연구원·화물복지재단, 2025 화물자동차 운송·주선업체 조사보고서, 표 V-6~V-11"
1톤 초과~3톤 미만,수도권-광주권,2022 2분기,N/A,조사 평균운임,"한국교통연구원·화물복지재단, 2025 화물자동차 운송·주선업체 조사보고서, 표 V-6~V-11"
1톤 초과~3톤 미만,수도권-광주권,2023 2분기,N/A,조사 평균운임,"한국교통연구원·화물복지재단, 2025 화물자동차 운송·주선업체 조사보고서, 표 V-6~V-11"
1톤 초과~3톤 미만,수도권-광주권,2024 2분기,-,조사 평균운임,"한국교통연구원·화물복지재단, 2025 화물자동차 운송·주선업체 조사보고서, 표 V-6~V-11"
1톤 초과~3톤 미만,수도권-광주권,2025 2분기,180000,조사 평균운임,"한국교통연구원·화물복지재단, 2025 화물자동차 운송·주선업체 조사보고서, 표 V-6~V-11"
1톤 초과~3톤 미만,수도권-대구권,2022 2분기,172000,조사 평균운임,"한국교통연구원·화물복지재단, 2025 화물자동차 운송·주선업체 조사보고서, 표 V-6~V-11"
1톤 초과~3톤 미만,수도권-대구권,2023 2분기,N/A,조사 평균운임,"한국교통연구원·화물복지재단, 2025 화물자동차 운송·주선업체 조사보고서, 표 V-6~V-11"
1톤 초과~3톤 미만,수도권-대구권,2024 2분기,N/A,조사 평균운임,"한국교통연구원·화물복지재단, 2025 화물자동차 운송·주선업체 조사보고서, 표 V-6~V-11"
1톤 초과~3톤 미만,수도권-대구권,2025 2분기,158000,조사 평균운임,"한국교통연구원·화물복지재단, 2025 화물자동차 운송·주선업체 조사보고서, 표 V-6~V-11"
1톤 초과~3톤 미만,수도권-대전권,2022 2분기,138333,조사 평균운임,"한국교통연구원·화물복지재단, 2025 화물자동차 운송·주선업체 조사보고서, 표 V-6~V-11"
1톤 초과~3톤 미만,수도권-대전권,2023 2분기,140682,조사 평균운임,"한국교통연구원·화물복지재단, 2025 화물자동차 운송·주선업체 조사보고서, 표 V-6~V-11"
1톤 초과~3톤 미만,수도권-대전권,2024 2분기,152632,조사 평균운임,"한국교통연구원·화물복지재단, 2025 화물자동차 운송·주선업체 조사보고서, 표 V-6~V-11"
1톤 초과~3톤 미만,수도권-대전권,2025 2분기,151111,조사 평균운임,"한국교통연구원·화물복지재단, 2025 화물자동차 운송·주선업체 조사보고서, 표 V-6~V-11"
1톤 초과~3톤 미만,수도권내,2022 2분기,88506,조사 평균운임,"한국교통연구원·화물복지재단, 2025 화물자동차 운송·주선업체 조사보고서, 표 V-6~V-11"
1톤 초과~3톤 미만,수도권내,2023 2분기,97136,조사 평균운임,"한국교통연구원·화물복지재단, 2025 화물자동차 운송·주선업체 조사보고서, 표 V-6~V-11"
1톤 초과~3톤 미만,수도권내,2024 2분기,86679,조사 평균운임,"한국교통연구원·화물복지재단, 2025 화물자동차 운송·주선업체 조사보고서, 표 V-6~V-11"
1톤 초과~3톤 미만,수도권내,2025 2분기,96214,조사 평균운임,"한국교통연구원·화물복지재단, 2025 화물자동차 운송·주선업체 조사보고서, 표 V-6~V-11"
1톤 초과~3톤 미만,부산권내,2022 2분기,92778,조사 평균운임,"한국교통연구원·화물복지재단, 2025 화물자동차 운송·주선업체 조사보고서, 표 V-6~V-11"
1톤 초과~3톤 미만,부산권내,2023 2분기,88000,조사 평균운임,"한국교통연구원·화물복지재단, 2025 화물자동차 운송·주선업체 조사보고서, 표 V-6~V-11"
1톤 초과~3톤 미만,부산권내,2024 2분기,105000,조사 평균운임,"한국교통연구원·화물복지재단, 2025 화물자동차 운송·주선업체 조사보고서, 표 V-6~V-11"
1톤 초과~3톤 미만,부산권내,2025 2분기,90000,조사 평균운임,"한국교통연구원·화물복지재단, 2025 화물자동차 운송·주선업체 조사보고서, 표 V-6~V-11"
3톤 이상~5톤 미만,수도권-부산권,2022 2분기,350741,조사 평균운임,"한국교통연구원·화물복지재단, 2025 화물자동차 운송·주선업체 조사보고서, 표 V-6~V-11"
3톤 이상~5톤 미만,수도권-부산권,2023 2분기,307500,조사 평균운임,"한국교통연구원·화물복지재단, 2025 화물자동차 운송·주선업체 조사보고서, 표 V-6~V-11"
3톤 이상~5톤 미만,수도권-부산권,2024 2분기,271750,조사 평균운임,"한국교통연구원·화물복지재단, 2025 화물자동차 운송·주선업체 조사보고서, 표 V-6~V-11"
3톤 이상~5톤 미만,수도권-부산권,2025 2분기,336000,조사 평균운임,"한국교통연구원·화물복지재단, 2025 화물자동차 운송·주선업체 조사보고서, 표 V-6~V-11"
3톤 이상~5톤 미만,수도권-광주권,2022 2분기,316667,조사 평균운임,"한국교통연구원·화물복지재단, 2025 화물자동차 운송·주선업체 조사보고서, 표 V-6~V-11"
3톤 이상~5톤 미만,수도권-광주권,2023 2분기,N/A,조사 평균운임,"한국교통연구원·화물복지재단, 2025 화물자동차 운송·주선업체 조사보고서, 표 V-6~V-11"
3톤 이상~5톤 미만,수도권-광주권,2024 2분기,-,조사 평균운임,"한국교통연구원·화물복지재단, 2025 화물자동차 운송·주선업체 조사보고서, 표 V-6~V-11"
3톤 이상~5톤 미만,수도권-광주권,2025 2분기,240000,조사 평균운임,"한국교통연구원·화물복지재단, 2025 화물자동차 운송·주선업체 조사보고서, 표 V-6~V-11"
3톤 이상~5톤 미만,수도권-대구권,2022 2분기,286875,조사 평균운임,"한국교통연구원·화물복지재단, 2025 화물자동차 운송·주선업체 조사보고서, 표 V-6~V-11"
3톤 이상~5톤 미만,수도권-대구권,2023 2분기,N/A,조사 평균운임,"한국교통연구원·화물복지재단, 2025 화물자동차 운송·주선업체 조사보고서, 표 V-6~V-11"
3톤 이상~5톤 미만,수도권-대구권,2024 2분기,266667,조사 평균운임,"한국교통연구원·화물복지재단, 2025 화물자동차 운송·주선업체 조사보고서, 표 V-6~V-11"
3톤 이상~5톤 미만,수도권-대구권,2025 2분기,250000,조사 평균운임,"한국교통연구원·화물복지재단, 2025 화물자동차 운송·주선업체 조사보고서, 표 V-6~V-11"
3톤 이상~5톤 미만,수도권-대전권,2022 2분기,172778,조사 평균운임,"한국교통연구원·화물복지재단, 2025 화물자동차 운송·주선업체 조사보고서, 표 V-6~V-11"
3톤 이상~5톤 미만,수도권-대전권,2023 2분기,169787,조사 평균운임,"한국교통연구원·화물복지재단, 2025 화물자동차 운송·주선업체 조사보고서, 표 V-6~V-11"
3톤 이상~5톤 미만,수도권-대전권,2024 2분기,186154,조사 평균운임,"한국교통연구원·화물복지재단, 2025 화물자동차 운송·주선업체 조사보고서, 표 V-6~V-11"
3톤 이상~5톤 미만,수도권-대전권,2025 2분기,176667,조사 평균운임,"한국교통연구원·화물복지재단, 2025 화물자동차 운송·주선업체 조사보고서, 표 V-6~V-11"
3톤 이상~5톤 미만,수도권내,2022 2분기,120676,조사 평균운임,"한국교통연구원·화물복지재단, 2025 화물자동차 운송·주선업체 조사보고서, 표 V-6~V-11"
3톤 이상~5톤 미만,수도권내,2023 2분기,122638,조사 평균운임,"한국교통연구원·화물복지재단, 2025 화물자동차 운송·주선업체 조사보고서, 표 V-6~V-11"
3톤 이상~5톤 미만,수도권내,2024 2분기,118154,조사 평균운임,"한국교통연구원·화물복지재단, 2025 화물자동차 운송·주선업체 조사보고서, 표 V-6~V-11"
3톤 이상~5톤 미만,수도권내,2025 2분기,106270,조사 평균운임,"한국교통연구원·화물복지재단, 2025 화물자동차 운송·주선업체 조사보고서, 표 V-6~V-11"
3톤 이상~5톤 미만,부산권내,2022 2분기,99423,조사 평균운임,"한국교통연구원·화물복지재단, 2025 화물자동차 운송·주선업체 조사보고서, 표 V-6~V-11"
3톤 이상~5톤 미만,부산권내,2023 2분기,110435,조사 평균운임,"한국교통연구원·화물복지재단, 2025 화물자동차 운송·주선업체 조사보고서, 표 V-6~V-11"
3톤 이상~5톤 미만,부산권내,2024 2분기,110517,조사 평균운임,"한국교통연구원·화물복지재단, 2025 화물자동차 운송·주선업체 조사보고서, 표 V-6~V-11"
3톤 이상~5톤 미만,부산권내,2025 2분기,113333,조사 평균운임,"한국교통연구원·화물복지재단, 2025 화물자동차 운송·주선업체 조사보고서, 표 V-6~V-11"
5톤 이상~8톤 미만,수도권-부산권,2022 2분기,378136,조사 평균운임,"한국교통연구원·화물복지재단, 2025 화물자동차 운송·주선업체 조사보고서, 표 V-6~V-11"
5톤 이상~8톤 미만,수도권-부산권,2023 2분기,407795,조사 평균운임,"한국교통연구원·화물복지재단, 2025 화물자동차 운송·주선업체 조사보고서, 표 V-6~V-11"
5톤 이상~8톤 미만,수도권-부산권,2024 2분기,338868,조사 평균운임,"한국교통연구원·화물복지재단, 2025 화물자동차 운송·주선업체 조사보고서, 표 V-6~V-11"
5톤 이상~8톤 미만,수도권-부산권,2025 2분기,378421,조사 평균운임,"한국교통연구원·화물복지재단, 2025 화물자동차 운송·주선업체 조사보고서, 표 V-6~V-11"
5톤 이상~8톤 미만,수도권-광주권,2022 2분기,367375,조사 평균운임,"한국교통연구원·화물복지재단, 2025 화물자동차 운송·주선업체 조사보고서, 표 V-6~V-11"
5톤 이상~8톤 미만,수도권-광주권,2023 2분기,N/A,조사 평균운임,"한국교통연구원·화물복지재단, 2025 화물자동차 운송·주선업체 조사보고서, 표 V-6~V-11"
5톤 이상~8톤 미만,수도권-광주권,2024 2분기,N/A,조사 평균운임,"한국교통연구원·화물복지재단, 2025 화물자동차 운송·주선업체 조사보고서, 표 V-6~V-11"
5톤 이상~8톤 미만,수도권-광주권,2025 2분기,294000,조사 평균운임,"한국교통연구원·화물복지재단, 2025 화물자동차 운송·주선업체 조사보고서, 표 V-6~V-11"
5톤 이상~8톤 미만,수도권-대구권,2022 2분기,300854,조사 평균운임,"한국교통연구원·화물복지재단, 2025 화물자동차 운송·주선업체 조사보고서, 표 V-6~V-11"
5톤 이상~8톤 미만,수도권-대구권,2023 2분기,292778,조사 평균운임,"한국교통연구원·화물복지재단, 2025 화물자동차 운송·주선업체 조사보고서, 표 V-6~V-11"
5톤 이상~8톤 미만,수도권-대구권,2024 2분기,309400,조사 평균운임,"한국교통연구원·화물복지재단, 2025 화물자동차 운송·주선업체 조사보고서, 표 V-6~V-11"
5톤 이상~8톤 미만,수도권-대구권,2025 2분기,299605,조사 평균운임,"한국교통연구원·화물복지재단, 2025 화물자동차 운송·주선업체 조사보고서, 표 V-6~V-11"
5톤 이상~8톤 미만,수도권-대전권,2022 2분기,190000,조사 평균운임,"한국교통연구원·화물복지재단, 2025 화물자동차 운송·주선업체 조사보고서, 표 V-6~V-11"
5톤 이상~8톤 미만,수도권-대전권,2023 2분기,194597,조사 평균운임,"한국교통연구원·화물복지재단, 2025 화물자동차 운송·주선업체 조사보고서, 표 V-6~V-11"
5톤 이상~8톤 미만,수도권-대전권,2024 2분기,229107,조사 평균운임,"한국교통연구원·화물복지재단, 2025 화물자동차 운송·주선업체 조사보고서, 표 V-6~V-11"
5톤 이상~8톤 미만,수도권-대전권,2025 2분기,208095,조사 평균운임,"한국교통연구원·화물복지재단, 2025 화물자동차 운송·주선업체 조사보고서, 표 V-6~V-11"
5톤 이상~8톤 미만,수도권내,2022 2분기,156818,조사 평균운임,"한국교통연구원·화물복지재단, 2025 화물자동차 운송·주선업체 조사보고서, 표 V-6~V-11"
5톤 이상~8톤 미만,수도권내,2023 2분기,162647,조사 평균운임,"한국교통연구원·화물복지재단, 2025 화물자동차 운송·주선업체 조사보고서, 표 V-6~V-11"
5톤 이상~8톤 미만,수도권내,2024 2분기,146441,조사 평균운임,"한국교통연구원·화물복지재단, 2025 화물자동차 운송·주선업체 조사보고서, 표 V-6~V-11"
5톤 이상~8톤 미만,수도권내,2025 2분기,145946,조사 평균운임,"한국교통연구원·화물복지재단, 2025 화물자동차 운송·주선업체 조사보고서, 표 V-6~V-11"
5톤 이상~8톤 미만,부산권내,2022 2분기,128529,조사 평균운임,"한국교통연구원·화물복지재단, 2025 화물자동차 운송·주선업체 조사보고서, 표 V-6~V-11"
5톤 이상~8톤 미만,부산권내,2023 2분기,150948,조사 평균운임,"한국교통연구원·화물복지재단, 2025 화물자동차 운송·주선업체 조사보고서, 표 V-6~V-11"
5톤 이상~8톤 미만,부산권내,2024 2분기,132097,조사 평균운임,"한국교통연구원·화물복지재단, 2025 화물자동차 운송·주선업체 조사보고서, 표 V-6~V-11"
5톤 이상~8톤 미만,부산권내,2025 2분기,130000,조사 평균운임,"한국교통연구원·화물복지재단, 2025 화물자동차 운송·주선업체 조사보고서, 표 V-6~V-11"
8톤 이상~12톤 미만,수도권-부산권,2022 2분기,486744,조사 평균운임,"한국교통연구원·화물복지재단, 2025 화물자동차 운송·주선업체 조사보고서, 표 V-6~V-11"
8톤 이상~12톤 미만,수도권-부산권,2023 2분기,485857,조사 평균운임,"한국교통연구원·화물복지재단, 2025 화물자동차 운송·주선업체 조사보고서, 표 V-6~V-11"
8톤 이상~12톤 미만,수도권-부산권,2024 2분기,451394,조사 평균운임,"한국교통연구원·화물복지재단, 2025 화물자동차 운송·주선업체 조사보고서, 표 V-6~V-11"
8톤 이상~12톤 미만,수도권-부산권,2025 2분기,440500,조사 평균운임,"한국교통연구원·화물복지재단, 2025 화물자동차 운송·주선업체 조사보고서, 표 V-6~V-11"
8톤 이상~12톤 미만,수도권-광주권,2022 2분기,449783,조사 평균운임,"한국교통연구원·화물복지재단, 2025 화물자동차 운송·주선업체 조사보고서, 표 V-6~V-11"
8톤 이상~12톤 미만,수도권-광주권,2023 2분기,410947,조사 평균운임,"한국교통연구원·화물복지재단, 2025 화물자동차 운송·주선업체 조사보고서, 표 V-6~V-11"
8톤 이상~12톤 미만,수도권-광주권,2024 2분기,N/A,조사 평균운임,"한국교통연구원·화물복지재단, 2025 화물자동차 운송·주선업체 조사보고서, 표 V-6~V-11"
8톤 이상~12톤 미만,수도권-광주권,2025 2분기,405294,조사 평균운임,"한국교통연구원·화물복지재단, 2025 화물자동차 운송·주선업체 조사보고서, 표 V-6~V-11"
8톤 이상~12톤 미만,수도권-대구권,2022 2분기,335000,조사 평균운임,"한국교통연구원·화물복지재단, 2025 화물자동차 운송·주선업체 조사보고서, 표 V-6~V-11"
8톤 이상~12톤 미만,수도권-대구권,2023 2분기,363333,조사 평균운임,"한국교통연구원·화물복지재단, 2025 화물자동차 운송·주선업체 조사보고서, 표 V-6~V-11"
8톤 이상~12톤 미만,수도권-대구권,2024 2분기,368333,조사 평균운임,"한국교통연구원·화물복지재단, 2025 화물자동차 운송·주선업체 조사보고서, 표 V-6~V-11"
8톤 이상~12톤 미만,수도권-대구권,2025 2분기,351395,조사 평균운임,"한국교통연구원·화물복지재단, 2025 화물자동차 운송·주선업체 조사보고서, 표 V-6~V-11"
8톤 이상~12톤 미만,수도권-대전권,2022 2분기,236600,조사 평균운임,"한국교통연구원·화물복지재단, 2025 화물자동차 운송·주선업체 조사보고서, 표 V-6~V-11"
8톤 이상~12톤 미만,수도권-대전권,2023 2분기,234038,조사 평균운임,"한국교통연구원·화물복지재단, 2025 화물자동차 운송·주선업체 조사보고서, 표 V-6~V-11"
8톤 이상~12톤 미만,수도권-대전권,2024 2분기,261358,조사 평균운임,"한국교통연구원·화물복지재단, 2025 화물자동차 운송·주선업체 조사보고서, 표 V-6~V-11"
8톤 이상~12톤 미만,수도권-대전권,2025 2분기,232619,조사 평균운임,"한국교통연구원·화물복지재단, 2025 화물자동차 운송·주선업체 조사보고서, 표 V-6~V-11"
8톤 이상~12톤 미만,수도권내,2022 2분기,200806,조사 평균운임,"한국교통연구원·화물복지재단, 2025 화물자동차 운송·주선업체 조사보고서, 표 V-6~V-11"
8톤 이상~12톤 미만,수도권내,2023 2분기,237000,조사 평균운임,"한국교통연구원·화물복지재단, 2025 화물자동차 운송·주선업체 조사보고서, 표 V-6~V-11"
8톤 이상~12톤 미만,수도권내,2024 2분기,182826,조사 평균운임,"한국교통연구원·화물복지재단, 2025 화물자동차 운송·주선업체 조사보고서, 표 V-6~V-11"
8톤 이상~12톤 미만,수도권내,2025 2분기,171538,조사 평균운임,"한국교통연구원·화물복지재단, 2025 화물자동차 운송·주선업체 조사보고서, 표 V-6~V-11"
8톤 이상~12톤 미만,부산권내,2022 2분기,170435,조사 평균운임,"한국교통연구원·화물복지재단, 2025 화물자동차 운송·주선업체 조사보고서, 표 V-6~V-11"
8톤 이상~12톤 미만,부산권내,2023 2분기,177436,조사 평균운임,"한국교통연구원·화물복지재단, 2025 화물자동차 운송·주선업체 조사보고서, 표 V-6~V-11"
8톤 이상~12톤 미만,부산권내,2024 2분기,177931,조사 평균운임,"한국교통연구원·화물복지재단, 2025 화물자동차 운송·주선업체 조사보고서, 표 V-6~V-11"
8톤 이상~12톤 미만,부산권내,2025 2분기,168000,조사 평균운임,"한국교통연구원·화물복지재단, 2025 화물자동차 운송·주선업체 조사보고서, 표 V-6~V-11"
12톤 이상,수도권-부산권,2022 2분기,617418,조사 평균운임,"한국교통연구원·화물복지재단, 2025 화물자동차 운송·주선업체 조사보고서, 표 V-6~V-11"
12톤 이상,수도권-부산권,2023 2분기,600435,조사 평균운임,"한국교통연구원·화물복지재단, 2025 화물자동차 운송·주선업체 조사보고서, 표 V-6~V-11"
12톤 이상,수도권-부산권,2024 2분기,568132,조사 평균운임,"한국교통연구원·화물복지재단, 2025 화물자동차 운송·주선업체 조사보고서, 표 V-6~V-11"
12톤 이상,수도권-부산권,2025 2분기,595600,조사 평균운임,"한국교통연구원·화물복지재단, 2025 화물자동차 운송·주선업체 조사보고서, 표 V-6~V-11"
12톤 이상,수도권-광주권,2022 2분기,651429,조사 평균운임,"한국교통연구원·화물복지재단, 2025 화물자동차 운송·주선업체 조사보고서, 표 V-6~V-11"
12톤 이상,수도권-광주권,2023 2분기,485816,조사 평균운임,"한국교통연구원·화물복지재단, 2025 화물자동차 운송·주선업체 조사보고서, 표 V-6~V-11"
12톤 이상,수도권-광주권,2024 2분기,454591,조사 평균운임,"한국교통연구원·화물복지재단, 2025 화물자동차 운송·주선업체 조사보고서, 표 V-6~V-11"
12톤 이상,수도권-광주권,2025 2분기,469104,조사 평균운임,"한국교통연구원·화물복지재단, 2025 화물자동차 운송·주선업체 조사보고서, 표 V-6~V-11"
12톤 이상,수도권-대구권,2022 2분기,583429,조사 평균운임,"한국교통연구원·화물복지재단, 2025 화물자동차 운송·주선업체 조사보고서, 표 V-6~V-11"
12톤 이상,수도권-대구권,2023 2분기,460370,조사 평균운임,"한국교통연구원·화물복지재단, 2025 화물자동차 운송·주선업체 조사보고서, 표 V-6~V-11"
12톤 이상,수도권-대구권,2024 2분기,511176,조사 평균운임,"한국교통연구원·화물복지재단, 2025 화물자동차 운송·주선업체 조사보고서, 표 V-6~V-11"
12톤 이상,수도권-대구권,2025 2분기,581983,조사 평균운임,"한국교통연구원·화물복지재단, 2025 화물자동차 운송·주선업체 조사보고서, 표 V-6~V-11"
12톤 이상,수도권-대전권,2022 2분기,303615,조사 평균운임,"한국교통연구원·화물복지재단, 2025 화물자동차 운송·주선업체 조사보고서, 표 V-6~V-11"
12톤 이상,수도권-대전권,2023 2분기,323731,조사 평균운임,"한국교통연구원·화물복지재단, 2025 화물자동차 운송·주선업체 조사보고서, 표 V-6~V-11"
12톤 이상,수도권-대전권,2024 2분기,332128,조사 평균운임,"한국교통연구원·화물복지재단, 2025 화물자동차 운송·주선업체 조사보고서, 표 V-6~V-11"
12톤 이상,수도권-대전권,2025 2분기,328837,조사 평균운임,"한국교통연구원·화물복지재단, 2025 화물자동차 운송·주선업체 조사보고서, 표 V-6~V-11"
12톤 이상,수도권내,2022 2분기,261023,조사 평균운임,"한국교통연구원·화물복지재단, 2025 화물자동차 운송·주선업체 조사보고서, 표 V-6~V-11"
12톤 이상,수도권내,2023 2분기,226154,조사 평균운임,"한국교통연구원·화물복지재단, 2025 화물자동차 운송·주선업체 조사보고서, 표 V-6~V-11"
12톤 이상,수도권내,2024 2분기,267143,조사 평균운임,"한국교통연구원·화물복지재단, 2025 화물자동차 운송·주선업체 조사보고서, 표 V-6~V-11"
12톤 이상,수도권내,2025 2분기,273750,조사 평균운임,"한국교통연구원·화물복지재단, 2025 화물자동차 운송·주선업체 조사보고서, 표 V-6~V-11"
12톤 이상,부산권내,2022 2분기,253542,조사 평균운임,"한국교통연구원·화물복지재단, 2025 화물자동차 운송·주선업체 조사보고서, 표 V-6~V-11"
12톤 이상,부산권내,2023 2분기,244688,조사 평균운임,"한국교통연구원·화물복지재단, 2025 화물자동차 운송·주선업체 조사보고서, 표 V-6~V-11"
12톤 이상,부산권내,2024 2분기,212266,조사 평균운임,"한국교통연구원·화물복지재단, 2025 화물자동차 운송·주선업체 조사보고서, 표 V-6~V-11"
12톤 이상,부산권내,2025 2분기,237000,조사 평균운임,"한국교통연구원·화물복지재단, 2025 화물자동차 운송·주선업체 조사보고서, 표 V-6~V-11"
