origin_station,destination_station,data_status,scheduled_train_count,train_numbers,distance_km,avg_duration_min,min_duration_min,max_duration_min,operation_days,operation_type,main_lines,route_names,schedule_cargo_types,performance_record_count,performance_years,performance_cargo_types,total_wagon_count,total_freight_ton,total_fare_won,weighted_avg_fare_per_ton_won,median_fare_per_ton_won
가야,영주,schedule_and_performance,1,3366,274.1,424,424,424,금|목|수|월|일|토|화,정기,중앙선,중앙청량리가야,"G공(포대시멘트,유류,시멘트공)",9,2023|2024|2025,사업용|일반기타,49,1358.0,16648000,12259,15081
고명,진해,schedule_and_performance,1,6613,,,,,,임시,충북선,,유리,2,2023,건설,36,864.0,18532800,21450,21450
광양,신례원,schedule_and_performance,4,3432|3434|3438|5434,285.0,346,299,387,금|목|수|월|일|토|화,임시|정기,장항선|전라선,경부장항전라|천안(장항황등)광양,철강공|철재|철재공,1016,2023|2024|2025,일반기타|철강,19757,794469.0,10195457900,12833,12623
괴동,도담,schedule_and_performance,1,3346,240.4,356,356,356,금|목|수|월|일|토|화,정기,중앙선,중앙금장나원괴동,석탄,1225,2023|2024|2025,사업용|석탄|일반기타,45872,2051655.0,21500079700,10479,10595
괴동,오봉,schedule_and_performance,2,3412|3414,402.3,488,447,529,금|목|수|월|일|토|화,정기,경부선,의왕-오봉-의왕-괴동,철재,1502,2023|2024|2025,일반기타|철강,11262,523654.0,9432812400,18013,17947
괴동,입석리,schedule_and_performance,2,3344|3350,270.0,456,420,493,금|목|수|월|일|토|화,정기,중앙선|태백선,제천-(중앙)-괴동|태백영월괴동,광재|석탄,608,2023|2024|2025,석탄,11863,522733.0,6302379200,12057,12118
김천,영주,schedule_and_performance,1,5905,,,,,,임시,경부선,,변압기,1,2024,일반기타,18,486.0,2565000,5278,5278
김천,의왕,schedule_and_performance,1,5224,,,,,,임시,경부선,,갑종,1,2023,일반기타,10,391.0,3948100,10097,10097
도담,가천,schedule_and_performance,1,3271,197.6,287,287,287,금|목|수|월|일|화,정기,중앙선,대구선,시멘트,1050,2023|2024|2025,시멘트|일반기타,12219,622110.0,6542612700,10517,10385
도담,수색,schedule_and_performance,5,3104|3222|3224|3226|5224,184.5,258,249,273,금|목|수|월|일|토|화,임시|정기,경부선|중앙선,수색-도담|일영-영천(중앙선),갑종|시멘트,1730,2023|2024|2025,시멘트|일반기타,84733,4372924.0,43680226800,9989,9895
도담,오봉,schedule_and_performance,3,3130|3140|3142,234.8,255,248,262,금|목|수|월|일|토|화,정기,충북선,충북의왕제천2,시멘트,1478,2023|2024|2025,시멘트|일반기타,45183,2346077.0,26354124000,11233,11143
동해,석포,schedule_and_performance,1,3396,70.8,99,99,99,금|목|수|월|토|화,정기,영동선,,광석,691,2023|2024|2025,광석,6667,333433.0,1199514500,3597,3656
동해,수색,schedule_and_performance,1,3228,330.3,513,513,513,목|수|월|일|화,정기,태백선,,시멘트,1,2024,사업용,1,40.0,825500,20638,20638
동해,오봉,schedule_and_performance,1,3134,380.6,535,535,535,금|목|수|월|일|토|화,정기,충북선,,시멘트,4,2025,사업용,11,220.0,2171900,9872,0
마산,영주,schedule_and_performance,1,3278,266.5,412,412,412,금|목|수|월|화,정기,중앙선,중앙제천마산,시멘트공,1,2025,사업용,1,40.0,614500,15362,15362
부산진,삽교,schedule_and_performance,2,3702|5048,385.8,411,411,411,금|수|월,부정기|임시,경부선,장항화삽교부산진,컨테이너,319,2023|2024|2025,컨테이너,5781,92613.0,1743603500,18827,19712
부산진,신탄진,schedule_and_performance,2,3706|5058,288.0,296,296,296,금|목|수|토|화,부정기|임시,경부선,경부서울부산,컨테이너,459,2023|2024|2025,사업용|컨테이너,8754,264415.0,2294092800,8676,8512
부산진,약목,schedule_and_performance,1,3064,150.4,144,144,144,금|목|수|토|화,정기,경부선,경부서울부산,컨테이너,728,2023|2024|2025,컨테이너,10881,96603.0,1209999300,12525,14234
부산진,오봉,schedule_and_performance,6,3022|3024|3026|3028|3030|3804,410.4,366,340,380,금|목|수|월|일|토|화,부정기|정기,경부선,경부의왕신선대|남부화물경부부산진,컨테이너,900,2023|2024|2025,컨테이너,47664,1065949.0,16566232600,15541,15486
삽교,부산진,schedule_and_performance,2,3701|5047,385.8,400,400,400,금|수|월,부정기|임시,경부선,장항화삽교부산진,컨테이너,324,2023|2024|2025,컨테이너,7085,199295.0,2483352300,12461,12379
신례원,광양,schedule_and_performance,3,3431|3437|5433,278.3,307,252,367,금|목|수|월|일|토|화,임시|정기,장항선|전라선,경부장항전라|천안군산광양항,철강|철재,763,2023|2024|2025,일반기타|철강,31544,1737173.0,22302141300,12838,13062
신창원,가야,schedule_and_performance,2,5222|5226,,,,,,임시,경부선|경전선,,갑종,55,2023|2024|2025,사업용|일반기타,269,13566.0,72189200,5321,5534
신창원,의왕,schedule_and_performance,1,5232,,,,,,임시,경부선,,전동차 수송,7,2023|2024|2025,건설|일반기타,56,2508.0,46275400,18451,18451
신탄진,부산진,schedule_and_performance,2,3705|5057,288.0,285,285,285,목|화,부정기|임시,경부선,경부서울부산,컨테이너,466,2023|2024|2025,사업용|컨테이너,8903,188552.0,2279457800,12089,12395
쌍룡,청주,schedule_and_performance,2,3214|3216,129.0,133,126,140,금|목|수|월|일|토|화,정기,충북선,,시멘트,479,2023|2024|2025,시멘트|일반기타,5777,295121.0,2191545800,7426,7354
쌍룡,팔당,schedule_and_performance,2,3262|3264,140.0,170,169,171,금|목|수|월|토|화,정기,중앙선,중앙망우태백,시멘트,1580,2023|2024|2025,시멘트|일반기타,35947,1859635.0,13813881200,7428,7354
약목,부산진,schedule_and_performance,1,3063,150.4,130,130,130,금|목|수|토|화,정기,경부선,경부의왕신선대,컨테이너,731,2023|2024|2025,컨테이너,16387,556304.0,2357804100,4238,4201
영주,동해,schedule_and_performance,1,3393,147.6,289,289,289,금|목|수|월|토|화,정기,영동선,,G공,26,2023|2024|2025,사업용|일반기타,20,923.0,9106300,9866,9635
영주,마산,schedule_and_performance,1,3277,266.5,405,405,405,금|목|수|월|화,정기,중앙선,중앙제천마산,시멘트,1,2023,사업용,1,48.0,704400,14675,14675
오봉,괴동,schedule_and_performance,1,3413,402.4,490,490,490,금|목|수|월|일|토|화,정기,경부선,의왕오봉(천안入)괴동,철재공,481,2023|2024|2025,일반기타|철강,3326,133533.0,2411349400,18058,17948
오봉,도담,schedule_and_performance,4,3123|3125|3135|3141,234.8,250,235,268,금|목|수|월|일|토|화,정기,충북선,충북의왕제천2,시멘트공,5,2024|2025,시멘트|일반기타,16,750.0,8468200,11291,5752
오봉,부산진,schedule_and_performance,6,3021|3023|3025|3027|3029|3803,410.4,358,331,397,금|목|수|월|일|토|화,부정기|정기,경부선,경부의왕신선대|남부화물경부부산진|오봉(천안입환)부산진,컨테이너,859,2023|2024|2025,컨테이너,62272,1339688.0,21215008000,15836,15818
오봉,태금,schedule_and_performance,1,3423,392.3,518,518,518,금|목|수|월|일|토|화,정기,전라선,오봉(천안입환)태금,철재공,1,2025,일반기타,1,40.0,718200,17955,17955
의왕,가야,schedule_and_performance,2,3481|5221,410.4,593,593,593,금|목|수|월|토|화,임시|정기,경부선,의왕천안入가야온산,"갑종|기타(불량차,석탄)",98,2023|2024|2025,사업용|일반기타,186,2606.0,55275200,21211,18450
의왕,가천,schedule_and_performance,1,5115,,,,,,임시,경부선,,유류공,8,2023|2024|2025,사업용,65,1302.0,25145400,19313,19529
입석리,괴동,schedule_and_performance,1,3345,270.0,478,478,478,금|목|수|월|일|토|화,정기,중앙선,제천-(중앙)-괴동,광석(석회석),601,2023|2024|2025,광석,10533,547302.0,6816818600,12455,12325
입석리,오봉,schedule_and_performance,3,3126|3138|3236,232.6,273,248,290,금|목|수|월|일|토|화,정기,중앙선|충북선,입석리-오봉(중앙선,시멘트,1360,2023|2024|2025,사업용|시멘트|일반기타,31730,1644718.0,18227946500,11083,11002
적량,동산,schedule_and_performance,1,3078,158.4,168,168,168,금|목|수|월|토|화,정기,전라선,전라선호남,컨테이너,8,2023|2024,사업용,14,321.0,3095200,9642,9583
전의,진해,schedule_and_performance,1,6619,,,,,,임시,경부선,,유리,4,2024,건설,71,1704.0,27846200,16342,16342
태금,괴동,schedule_and_performance,1,3442,350.6,526,526,526,금|목|수|월|일|토|화,정기,경전선,경전선 경부선 중앙선,철재,292,2023|2024|2025,일반기타|철강,3138,140265.0,2038402100,14533,14367
태금,오봉,schedule_and_performance,2,3422|3424,392.2,433,421,445,금|목|수|월|일|토|화,정기,경부선|전라선,JI의왕오봉경부태금|오봉(천안입환)태금,철재,1543,2023|2024|2025,사업용|일반기타|철강,11325,513419.0,9116667500,17757,17955
평택,의왕,schedule_and_performance,2,5112|5908,1.0,,,,,임시,경부선,,변압기|유류공,1,2024,건설,0,0.0,0,,
흥국사,나주,schedule_and_performance,1,3962,297.6,400,400,400,금|목|수|월|일|토|화,정기,전라선,흥국사-(황등)-목포,프로필렌,625,2023|2024,일반기타,15425,416829.0,7562543600,18143,18182
